{
  "content": [
    {
      "path": "ContentInfo/brainshot-sadf-sanfernando/Thumbnail.jpg",
      "size": 24442,
      "date": 132460384104122584
    },
    {
      "path": "manifest.json",
      "size": 418,
      "date": 132465868979526701
    },
    {
      "path": "scenery/world/scenery/SADF-POLIGONS.BGL",
      "size": 2572,
      "date": 132465868471583457
    },
    {
      "path": "scenery/world/scenery/SADF-San Fernando.bgl",
      "size": 25038,
      "date": 132465876371267221
    }
  ]
}